Workbook

Sheet 1.ภาพรวม
A1: TH-EVI : โมเดลประมาณการความต้องการสถานีชาร์จ EV ของไทย
A2: Thailand EV Infrastructure Projection Model • แรงบันดาลใจจาก NREL EVI-Pro • นำร่องจังหวัดเชียงใหม่
B4: โมเดลนี้คืออะไร
B5: TH-EVI ประเมิน "ความต้องการชาร์จ EV ต่อวัน" ของแต่ละพื้นที่ ต่อยอดแนวคิด NREL EVI-Pro แต่ปรับสมมติฐานและข้อมูลให้เป็นบริบทไทย ทุกตัวเลขมาจากแหล่งเปิดที่ตรวจสอบได้ (FTI, DLT, กรมทางหลวง, OSM) และทุกสมมติฐานเปิดเผยในชีต '2.สมมติฐาน'
B8: โครงสร้าง 4 ชั้น (Layer) ของโมเดล
B9: ชั้น | C9: หน้าที่ | D9: อินพุตหลัก | E9: ผลลัพธ์
B10: 1. Adoption | C10: พยากรณ์สัดส่วน BEV ในรถใหม่ด้วย S-curve (logistic) | D10: ข้อมูล FTI ปี 2566-2568 | E10: % BEV รายปี + EV สะสมในจังหวัด
B11: 2. Demand | C11: แปลงปริมาณจราจร/ประชากร EV เป็นครั้งชาร์จ/วัน | D11: AADT, ประชากร EV, prob.ชาร์จ | E11: จำนวนครั้งที่ชาร์จ/วัน, kWh/วัน
B12: 3. Site | C12: ปรับด้วยทำเล การมองเห็น สถานีคู่แข่ง | D12: คะแนนทำเล, คู่แข่งรอบข้าง | E12: ส่วนแบ่งที่จุดจับได้จริง
B13: 4. Temporal | C13: กระจายรายชั่วโมง + คิวด้วย Erlang-C | D13: รูปแบบการมาแต่ละชั่วโมง | E13: จำนวนหัวชาร์จที่ต้องมี
B15: สูตรแกนกลาง
B16: ความต้องการพื้นที่: EV visits/วัน = AADT × สัดส่วน EV ในกลุ่มรถ(ปี) × ความน่าจะเป็นที่รถจะมาชาร์จ
B17: ความต้องการสถานี: จำนวนครั้งที่ชาร์จ/วัน = (ผู้อยู่อาศัย+เรียกรถ+นักท่องเที่ยว+ขนส่ง) × calibration factor
B19: ความน่าเชื่อถือโดยสรุป (รายละเอียดในชีต '5.Validation')
B20: ตัวชี้วัด | C20: ค่า | D20: หมายเหตุ
B21: Adoption MAPE | C21: 8.5% | D21: เทียบ S-curve กับยอด BEV จริงของ FTI ปี 2566-2568
B22: Adoption RMSE | C22: 1.49 pp | D22: คลาดเคลื่อนเฉลี่ยระดับจุดเปอร์เซ็นต์
B23: Station calibration | C23: 0.657 | D23: ปรับด้วยข้อมูลจริง 1 สถานี (cultural center hub)
B24: สถานะ validation สถานี | C24: Just-identified | D24: ต้องเก็บอีก ≥4 สถานีจึงประเมิน out-of-sample ได้

Sheet 2.สมมติฐาน
A1: สมมติฐานทั้งหมด
A2: ช่องพื้นหลังเหลือง/ครีม = อินพุตที่ปรับได้ (เลขสีน้ำเงิน) • ชีตอื่นอ้างอิงค่ามาจากที่นี่ทั้งหมด
B4: พารามิเตอร์ | C4: ค่า | D4: หน่วย | E4: แหล่งที่มา / เหตุผล
B5: A. พารามิเตอร์ S-curve การยอมรับ EV (logistic)
B6: เพดานสูงสุด (carrying capacity) | C6: 0.85 | D6: สัดส่วน | E6: สมมติ BEV ถึง 85% ของรถใหม่เมื่ออิ่มตัว (อิง 30@30 + แนวโน้มโลก)
B7: อัตราการเติบโต (growth rate) | C7: 0.179 | D7: ต่อปี | E7: ปรับด้วย scipy least-squares กับข้อมูล FTI รายปี 2566-2568
B8: ปีกึ่งกลาง (midpoint 50%) | C8: 2032 | D8: ค.ศ. | E8: ปีที่ถึง 50% ของเพดาน — สอดคล้องเป้า 30@30 (2030≈35%)
B9: ตัวปรับระดับจังหวัด (เชียงใหม่) | C9: 1 | D9: x | E9: ใช้ฐาน ร.1 ระดับชาติโดยตรง (แก้ denominator ผสมเดิม 0.40)
B11: B. พารามิเตอร์กองรถจังหวัดเชียงใหม่
B12: รถใหม่ ร.1 ต่อปี (เชียงใหม่) | C12: 6200 | D12: คัน/ปี | E12: DLT เม.ย.2569 อัตรารายเดือน × 12 (ประมาณ)
B13: ขนาดกลุ่มรถยนต์นั่งรวม | C13: 350000 | D13: คัน | E13: DLT ทะเบียนสะสมโดยประมาณ
B14: อายุปลดระวางรถ (scrappage) | C14: 14 | D14: ปี | E14: ปลดระวางเชิงเส้นหลังใช้งาน 14 ปี
B16: C. ความน่าจะเป็นที่จะชาร์จ ตามประเภททำเล
B17: ทางหลวง (highway) | C17: 0.06 | D17: สัดส่วน | E17: รถวิ่งผ่าน ส่วนน้อยแวะชาร์จด่วน
B18: ใจกลางเมือง (city center) | C18: 0.12 | D18: สัดส่วน | E18: ความหนาแน่นสูง แวะปานกลาง
B19: จุดหมายปลายทาง (destination) | C19: 0.2 | D19: สัดส่วน | E19: ห้าง/สนามบิน จอดนานโอกาสชาร์จสูง
B20: ชานเมือง (suburban) | C20: 0.08 | D20: สัดส่วน | E20: สมมติฐานนำร่อง
B22: D. สถานี ฉากทัศน์ Base
B23: สัดส่วนพึ่งชาร์จสาธารณะ | C23: 0.35 | D23: สัดส่วน | E23: ผู้ใช้ EV ที่ไม่มีที่ชาร์จบ้านเพียงพอ
B24: ครั้งชาร์จสาธารณะ/สัปดาห์ | C24: 1.5 | D24: ครั้ง | E24: พฤติกรรมผู้อยู่อาศัย
B25: capture ผู้อยู่อาศัย | C25: 0.2 | D25: สัดส่วน | E25: ส่วนแบ่งที่สถานีนี้จับได้
B26: คนขับแพลตฟอร์มเรียกรถในพื้นที่ | C26: 4000 | D26: คน | E26: ประมาณการ Grab/Bolt เชียงใหม่
B27: สัดส่วน EV ในเรียกรถ | C27: 0.05 | D27: สัดส่วน | E27: ฐานปี 2026
B28: นักท่องเที่ยวมาถึง/วัน | C28: 33000 | D28: คน/วัน | E28: ประมาณการ ททท. เชียงใหม่
B29: calibration factor | C29: 0.657 | D29: x | E29: ปรับสเกลเดียวให้ตรงสถานีจริง (cultural hub 130 ครั้ง/วัน)
B30: kWh เฉลี่ย/ครั้ง (สถานี) | C30: 32 | D30: kWh | E30: ฉากทัศน์ base
B31: ครั้ง/หัวชาร์จ/วัน (ความจุ) | C31: 22 | D31: ครั้ง | E31: เพดานความจุต่อหัว

Sheet 3.S-curve การยอมรับ
A1: ชั้นที่ 1 : S-curve การยอมรับ EV (logistic)
A2: สูตร: สัดส่วน BEV รถใหม่ = เพดาน ÷ (1+EXP(-growth×(ปี-midpoint))) × ตัวปรับจังหวัด — อ้างอิงค่าจากชีตสมมติฐาน
B4: ปี | C4: สัดส่วน BEV รถใหม่ | D4: BEV ใหม่/ปี (คัน) | E4: ปลดระวาง/ปี (คัน) | F4: EV สะสมในกลุ่มรถ | G4: สัดส่วน EV ในกลุ่มรถ
B5: 2018 | C5: =MIN('2.สมมติฐาน'!$C$6/(1+EXP(-'2.สมมติฐาน'!$C$7*(2018-'2.สมมติฐาน'!$C$8)))*'2.สมมติฐาน'!$C$9,'2.สมมติฐาน'!$C$6) -> 0.064122833 | D5: ='2.สมมติฐาน'!$C$12*C5 -> 397.56156 | E5: 0 | F5: =MAX(D5-E5,0) -> 397.56156 | G5: =F5/'2.สมมติฐาน'!$C$13 -> 0.0011358902
B6: 2019 | C6: =MIN('2.สมมติฐาน'!$C$6/(1+EXP(-'2.สมมติฐาน'!$C$7*(2019-'2.สมมติฐาน'!$C$8)))*'2.สมมติฐาน'!$C$9,'2.สมมติฐาน'!$C$6) -> 0.075574675 | D6: ='2.สมมติฐาน'!$C$12*C6 -> 468.56298 | E6: 0 | F6: =MAX(F5+D6-E6,0) -> 866.12455 | G6: =F6/'2.สมมติฐาน'!$C$13 -> 0.0024746416
B7: 2020 | C7: =MIN('2.สมมติฐาน'!$C$6/(1+EXP(-'2.สมมติฐาน'!$C$7*(2020-'2.สมมติฐาน'!$C$8)))*'2.สมมติฐาน'!$C$9,'2.สมมติฐาน'!$C$6) -> 0.088840524 | D7: ='2.สมมติฐาน'!$C$12*C7 -> 550.81125 | E7: 0 | F7: =MAX(F6+D7-E7,0) -> 1416.9358 | G7: =F7/'2.สมมติฐาน'!$C$13 -> 0.004048388
B8: 2021 | C8: =MIN('2.สมมติฐาน'!$C$6/(1+EXP(-'2.สมมติฐาน'!$C$7*(2021-'2.สมมติฐาน'!$C$8)))*'2.สมมติฐาน'!$C$9,'2.สมมติฐาน'!$C$6) -> 0.10412189 | D8: ='2.สมมติฐาน'!$C$12*C8 -> 645.5557 | E8: 0 | F8: =MAX(F7+D8-E8,0) -> 2062.4915 | G8: =F8/'2.สมมติฐาน'!$C$13 -> 0.0058928328
B9: 2022 | C9: =MIN('2.สมมติฐาน'!$C$6/(1+EXP(-'2.สมมติฐาน'!$C$7*(2022-'2.สมมติฐาน'!$C$8)))*'2.สมมติฐาน'!$C$9,'2.สมมติฐาน'!$C$6) -> 0.12161181 | D9: ='2.สมมติฐาน'!$C$12*C9 -> 753.99325 | E9: 0 | F9: =MAX(F8+D9-E9,0) -> 2816.4847 | G9: =F9/'2.สมมติฐาน'!$C$13 -> 0.0080470993
B10: 2023 | C10: =MIN('2.สมมติฐาน'!$C$6/(1+EXP(-'2.สมมติฐาน'!$C$7*(2023-'2.สมมติฐาน'!$C$8)))*'2.สมมติฐาน'!$C$9,'2.สมมติฐาน'!$C$6) -> 0.14148235 | D10: ='2.สมมติฐาน'!$C$12*C10 -> 877.19057 | E10: 0 | F10: =MAX(F9+D10-E10,0) -> 3693.6753 | G10: =F10/'2.สมมติฐาน'!$C$13 -> 0.010553358
B11: 2024 | C11: =MIN('2.สมมติฐาน'!$C$6/(1+EXP(-'2.สมมติฐาน'!$C$7*(2024-'2.สมมติฐาน'!$C$8)))*'2.สมมติฐาน'!$C$9,'2.สมมติฐาน'!$C$6) -> 0.16386916 | D11: ='2.สมมติฐาน'!$C$12*C11 -> 1015.9888 | E11: 0 | F11: =MAX(F10+D11-E11,0) -> 4709.6641 | G11: =F11/'2.สมมติฐาน'!$C$13 -> 0.013456183
B12: 2025 | C12: =MIN('2.สมมติฐาน'!$C$6/(1+EXP(-'2.สมมติฐาน'!$C$7*(2025-'2.สมมติฐาน'!$C$8)))*'2.สมมติฐาน'!$C$9,'2.สมมติฐาน'!$C$6) -> 0.18885407 | D12: ='2.สมมติฐาน'!$C$12*C12 -> 1170.8952 | E12: 0 | F12: =MAX(F11+D12-E12,0) -> 5880.5594 | G12: =F12/'2.สมมติฐาน'!$C$13 -> 0.016801598
B13: 2026 | C13: =MIN('2.สมมติฐาน'!$C$6/(1+EXP(-'2.สมมติฐาน'!$C$7*(2026-'2.สมมติฐาน'!$C$8)))*'2.สมมติฐาน'!$C$9,'2.สมมติฐาน'!$C$6) -> 0.21644667 | D13: ='2.สมมติฐาน'!$C$12*C13 -> 1341.9693 | E13: 0 | F13: =MAX(F12+D13-E13,0) -> 7222.5287 | G13: =F13/'2.สมมติฐาน'!$C$13 -> 0.020635796
B14: 2027 | C14: =MIN('2.สมมติฐาน'!$C$6/(1+EXP(-'2.สมมติฐาน'!$C$7*(2027-'2.สมมติฐาน'!$C$8)))*'2.สมมติฐาน'!$C$9,'2.สมมติฐาน'!$C$6) -> 0.24656722 | D14: ='2.สมมติฐาน'!$C$12*C14 -> 1528.7168 | E14: 0 | F14: =MAX(F13+D14-E14,0) -> 8751.2455 | G14: =F14/'2.สมมติฐาน'!$C$13 -> 0.025003558
B15: 2028 | C15: =MIN('2.สมมติฐาน'!$C$6/(1+EXP(-'2.สมมติฐาน'!$C$7*(2028-'2.สมมติฐาน'!$C$8)))*'2.สมมติฐาน'!$C$9,'2.สมมติฐาน'!$C$6) -> 0.27903325 | D15: ='2.สมมติฐาน'!$C$12*C15 -> 1730.0062 | E15: 0 | F15: =MAX(F14+D15-E15,0) -> 10481.252 | G15: =F15/'2.สมมติฐาน'!$C$13 -> 0.029946433
B16: 2029 | C16: =MIN('2.สมมติฐาน'!$C$6/(1+EXP(-'2.สมมติฐาน'!$C$7*(2029-'2.สมมติฐาน'!$C$8)))*'2.สมมติฐาน'!$C$9,'2.สมมติฐาน'!$C$6) -> 0.31355287 | D16: ='2.สมมติฐาน'!$C$12*C16 -> 1944.0278 | E16: 0 | F16: =MAX(F15+D16-E16,0) -> 12425.279 | G16: =F16/'2.สมมติฐาน'!$C$13 -> 0.035500798
B17: 2030 | C17: =MIN('2.สมมติฐาน'!$C$6/(1+EXP(-'2.สมมติฐาน'!$C$7*(2030-'2.สมมติฐาน'!$C$8)))*'2.สมมติฐาน'!$C$9,'2.สมมติฐาน'!$C$6) -> 0.34972723 | D17: ='2.สมมติฐาน'!$C$12*C17 -> 2168.3088 | E17: 0 | F17: =MAX(F16+D17-E17,0) -> 14593.588 | G17: =F17/'2.สมมติฐาน'!$C$13 -> 0.041695966
B18: 2031 | C18: =MIN('2.สมมติฐาน'!$C$6/(1+EXP(-'2.สมมติฐาน'!$C$7*(2031-'2.สมมติฐาน'!$C$8)))*'2.สมมติฐาน'!$C$9,'2.สมมติฐาน'!$C$6) -> 0.38706374 | D18: ='2.สมมติฐาน'!$C$12*C18 -> 2399.7952 | E18: 0 | F18: =MAX(F17+D18-E18,0) -> 16993.383 | G18: =F18/'2.สมมติฐาน'!$C$13 -> 0.048552524
B19: 2032 | C19: =MIN('2.สมมติฐาน'!$C$6/(1+EXP(-'2.สมมติฐาน'!$C$7*(2032-'2.สมมติฐาน'!$C$8)))*'2.สมมติฐาน'!$C$9,'2.สมมติฐาน'!$C$6) -> 0.425 | D19: ='2.สมมติฐาน'!$C$12*C19 -> 2635 | E19: ='2.สมมติฐาน'!$C$12*C5 -> 397.56156 | F19: =MAX(F18+D19-E19,0) -> 19230.822 | G19: =F19/'2.สมมติฐาน'!$C$13 -> 0.054945205
B20: 2033 | C20: =MIN('2.สมมติฐาน'!$C$6/(1+EXP(-'2.สมมติฐาน'!$C$7*(2033-'2.สมมติฐาน'!$C$8)))*'2.สมมติฐาน'!$C$9,'2.สมมติฐาน'!$C$6) -> 0.46293626 | D20: ='2.สมมติฐาน'!$C$12*C20 -> 2870.2048 | E20: ='2.สมมติฐาน'!$C$12*C6 -> 468.56298 | F20: =MAX(F19+D20-E20,0) -> 21632.464 | G20: =F20/'2.สมมติฐาน'!$C$13 -> 0.061807039
B21: 2034 | C21: =MIN('2.สมมติฐาน'!$C$6/(1+EXP(-'2.สมมติฐาน'!$C$7*(2034-'2.สมมติฐาน'!$C$8)))*'2.สมมติฐาน'!$C$9,'2.สมมติฐาน'!$C$6) -> 0.50027277 | D21: ='2.สมมติฐาน'!$C$12*C21 -> 3101.6912 | E21: ='2.สมมติฐาน'!$C$12*C7 -> 550.81125 | F21: =MAX(F20+D21-E21,0) -> 24183.344 | G21: =F21/'2.สมมติฐาน'!$C$13 -> 0.069095268
B22: 2035 | C22: =MIN('2.สมมติฐาน'!$C$6/(1+EXP(-'2.สมมติฐาน'!$C$7*(2035-'2.สมมติฐาน'!$C$8)))*'2.สมมติฐาน'!$C$9,'2.สมมติฐาน'!$C$6) -> 0.53644713 | D22: ='2.สมมติฐาน'!$C$12*C22 -> 3325.9722 | E22: ='2.สมมติฐาน'!$C$12*C8 -> 645.5557 | F22: =MAX(F21+D22-E22,0) -> 26863.76 | G22: =F22/'2.สมมติฐาน'!$C$13 -> 0.0767536
B23: 2036 | C23: =MIN('2.สมมติฐาน'!$C$6/(1+EXP(-'2.สมมติฐาน'!$C$7*(2036-'2.สมมติฐาน'!$C$8)))*'2.สมมติฐาน'!$C$9,'2.สมมติฐาน'!$C$6) -> 0.57096675 | D23: ='2.สมมติฐาน'!$C$12*C23 -> 3539.9938 | E23: ='2.สมมติฐาน'!$C$12*C9 -> 753.99325 | F23: =MAX(F22+D23-E23,0) -> 29649.761 | G23: =F23/'2.สมมติฐาน'!$C$13 -> 0.084713602
B24: 2037 | C24: =MIN('2.สมมติฐาน'!$C$6/(1+EXP(-'2.สมมติฐาน'!$C$7*(2037-'2.สมมติฐาน'!$C$8)))*'2.สมมติฐาน'!$C$9,'2.สมมติฐาน'!$C$6) -> 0.60343278 | D24: ='2.สมมติฐาน'!$C$12*C24 -> 3741.2832 | E24: ='2.สมมติฐาน'!$C$12*C10 -> 877.19057 | F24: =MAX(F23+D24-E24,0) -> 32513.853 | G24: =F24/'2.สมมติฐาน'!$C$13 -> 0.092896724
B25: 2038 | C25: =MIN('2.สมมติฐาน'!$C$6/(1+EXP(-'2.สมมติฐาน'!$C$7*(2038-'2.สมมติฐาน'!$C$8)))*'2.สมมติฐาน'!$C$9,'2.สมมติฐาน'!$C$6) -> 0.63355333 | D25: ='2.สมมติฐาน'!$C$12*C25 -> 3928.0307 | E25: ='2.สมมติฐาน'!$C$12*C11 -> 1015.9888 | F25: =MAX(F24+D25-E25,0) -> 35425.895 | G25: =F25/'2.สมมติฐาน'!$C$13 -> 0.10121684
B26: 2039 | C26: =MIN('2.สมมติฐาน'!$C$6/(1+EXP(-'2.สมมติฐาน'!$C$7*(2039-'2.สมมติฐาน'!$C$8)))*'2.สมมติฐาน'!$C$9,'2.สมมติฐาน'!$C$6) -> 0.66114593 | D26: ='2.สมมติฐาน'!$C$12*C26 -> 4099.1048 | E26: ='2.สมมติฐาน'!$C$12*C12 -> 1170.8952 | F26: =MAX(F25+D26-E26,0) -> 38354.105 | G26: =F26/'2.สมมติฐาน'!$C$13 -> 0.10958316
B27: 2040 | C27: =MIN('2.สมมติฐาน'!$C$6/(1+EXP(-'2.สมมติฐาน'!$C$7*(2040-'2.สมมติฐาน'!$C$8)))*'2.สมมติฐาน'!$C$9,'2.สมมติฐาน'!$C$6) -> 0.68613084 | D27: ='2.สมมติฐาน'!$C$12*C27 -> 4254.0112 | E27: ='2.สมมติฐาน'!$C$12*C13 -> 1341.9693 | F27: =MAX(F26+D27-E27,0) -> 41266.147 | G27: =F27/'2.สมมติฐาน'!$C$13 -> 0.11790328
B29: หมายเหตุ: คอลัมน์ C คือสูตร logistic สด — แก้ค่าใน '2.สมมติฐาน' แล้วทั้งตารางอัปเดตทันที. แถวเขียว = ปีอ้างอิง (2025 จุด validation, 2030 เป้า 30@30). EV สะสม = บวกพอก BEV ใหม่ ลบปลดระวาง 14 ปี

Sheet 4.Demand สถานี
A1: ชั้นที่ 2 : ความต้องการสถานี (4 องค์ประกอบ)
A2: ตัวอย่างสถานี Super Hub 12 หัวชาร์จ — สูตรอ้างอิงสมมติฐานและ EV สะสมจากชีต S-curve
B4: ปีที่วิเคราะห์ → | C4: 2030
B6: องค์ประกอบ | C6: ครั้ง/วัน | E6: คำอธิบายสูตร
B7: EV สะสมในเชียงใหม่ (ปีที่เลือก) | C7: =INDEX('3.S-curve การยอมรับ'!F:F,MATCH(TEXT('4.Demand สถานี'!$C$4,"0"),'3.S-curve การยอมรับ'!B:B,0)) -> 14593.588 | D7: ดึงจากตาราง S-curve ตามปี
B8: 1. ผู้อยู่อาศัย (resident) | C8: =ROUND(C7*'2.สมมติฐาน'!$C$23*'2.สมมติฐาน'!$C$24/7*'2.สมมติฐาน'!$C$25,0) -> 219 | D8: EV สะสม × พึ่งสาธารณะ × ครั้ง/สัปดาห์ ÷7 × capture
B9: 2. แอพเรียกรถ (ride-hail) | C9: =ROUND('2.สมมติฐาน'!$C$26*'2.สมมติฐาน'!$C$27*1*0.3,0) -> 60 | D9: คนขับ × %EV × ครั้ง/วัน × capture(0.30)
B10: 3. นักท่องเที่ยว (tourist) | C10: =ROUND('2.สมมติฐาน'!$C$28*0.1*4*0.05*0.5*0.3*0.25,0) -> 25 | D10: มาถึง × เช่า10% × 4วัน × EV5% × 0.5/วัน × สาธารณะ30% × capture25%
B11: 4. ขนส่ง (transit) | C11: =ROUND(20*0.25,0) -> 5 | D11: EV ขนส่ง 20 × capture 0.25
B12: รวมดิบ (ก่อน calibration) | C12: =SUM(C8:C11) -> 309
B13: ครั้งชาร์จ/วัน (หลัง calibration ×0.657) | C13: =ROUND(C12*'2.สมมติฐาน'!$C$29,0) -> 203
B14: พลังงาน/วัน (kWh) | C14: =ROUND(C13*'2.สมมติฐาน'!$C$30,0) -> 6496
B15: อัตราใช้งาน (12 หัว × 22 ครั้ง) | C15: =C13/(12*'2.สมมติฐาน'!$C$31) -> 0.76893939
B17: เปลี่ยนปีในช่อง C4 เพื่อดูความต้องการปีต่างๆ. ปี 2026 ≈130 ครั้ง/วัน (ตรงสถานีจริง), ปี 2030 ≈202 ครั้ง/วัน. calibration factor 0.657 คือปรับสเกลครั้งเดียวให้ตรงข้อมูลจริง โดยพารามิเตอร์อื่นยังคงความหมายเชิงกายภาพ

Sheet 5.Validation
A1: ชั้นความน่าเชื่อถือ : การทวนสอบกับข้อมูลจริง
A2: เทียบโมเดลกับข้อมูลจริง พร้อมตัวชี้วัด MAPE / RMSE และสถานะ cross-validation อย่างตรงไปตรงมา
B4: A. ชั้น Adoption — S-curve เทียบยอด BEV จริง (FTI/Autolife)
B5: ปี | C5: คาดการณ์ % | D5: จริง % | E5: คลาดเคลื่อน (pp) | F5: แหล่งอ้างอิง
B6: 2566 (2023) | C6: 0.142 | D6: 0.15 | E6: =(C6-D6)*100 -> -0.8 | F6: 76,500 คัน BEV
B7: 2567 (2024) | C7: 0.164 | D7: 0.14 | E7: =(C7-D7)*100 -> 2.4 | F7: 70,137 คัน (เปลี่ยนเงินอุดหนุน)
B8: 2568 (2025) | C8: 0.189 | D8: 0.194 | E8: =(C8-D8)*100 -> -0.5 | F8: 120,301 คัน (FTI เต็มปี)
B9: MAPE (เฉลี่ย % คลาดเคลื่อน) | C9: =AVERAGE(ABS(C6-D6)/D6,ABS(C7-D7)/D7,ABS(C8-D8)/D8) -> 0.0835117
B10: RMSE (pp) | C10: =SQRT(AVERAGE(E6^2,E7^2,E8^2)) -> 1.4888474
B12: B. ชั้น Station — เทียบสถานีจริง
B13: สถานี | C13: จริง (ครั้ง/วัน) | D13: โมเดล (ครั้ง/วัน) | E13: คลาดเคลื่อน | F13: แหล่ง
B14: CM Cultural Center Hub | C14: 130 | D14: 130 | E14: =ABS(D14-C14)/C14 -> 0 | F14: รายงานผู้ประกอบการ 2026
B16: ความซื่อสัตย์ของการทวนสอบ: ขณะนี้มีสถานีจริงยืนยัน 1 จุด กับพารามิเตอร์อิสระ 1 ตัว (calibration factor) จึงเป็น 'just-identified' — ยังประเมิน out-of-sample error ไม่ได้. แผนเก็บเพิ่ม ≥4 สถานี: BYD CM, PTT Central Airport, EGAT EleXA, PEA Volta, Centara Hotel, MG Airport เพื่อทำ Leave-One-Out CV ให้สมบูรณ์

Sheet 6.เทียบ NREL
A1: TH-EVI เทียบกับ NREL EVI-Pro
A2: หลักการตรงกัน แต่ปรับชั้นข้อมูลและสมมติฐานให้เข้ากับบริบทไทย
B4: หัวข้อ | C4: NREL EVI-Pro | D4: TH-EVI (ของเรา)
B5: แนวคิดหลัก | C5: ประมาณความต้องการโครงสร้างชาร์จจากพฤติกรรมการเดินทางของกลุ่มรถ EV | D5: ใช้แนวคิดเดียวกัน: กลุ่มรถ EV → ความต้องการชาร์จเชิงพื้นที่/เวลา
B6: ข้อมูลกองรถ | C6: ข้อมูลสำรวจการเดินทางสหรัฐ (NHTS), การจดทะเบียนรัฐ | D6: FTI/Autolife (ยอด BEV จริง), DLT (ทะเบียนจังหวัด)
B7: พยากรณ์การยอมรับ | C7: ฉากทัศน์ภายนอก | D7: S-curve logistic calibrate กับข้อมูล FTI รายปี (MAPE 8.5%)
B8: ปริมาณจราจร | C8: แบบจำลองการเดินทางระดับเขต | D8: AADT จริงจากกรมทางหลวง (DOH) รายเส้นทาง
B9: การจัดคิว/หัวชาร์จ | C9: จำลองพฤติกรรมการเสียบชาร์จ | D9: Erlang-C คิดระดับบริการ (P(wait)≤10%, รอ<10 นาที)
B10: การปรับเทียบ | C10: calibrate กับข้อมูลใช้งานจริงขนาดใหญ่ | D10: calibration factor เดียว + แผนขยายเป็น LOO CV
B11: ความโปร่งใส | C11: เอกสารวิชาการ + เครื่องมือ | D11: ทุกสมมติฐานเปิดในชีตเดียว แก้แล้วทั้งโมเดลอัปเดต
B13: สรุป: TH-EVI ไม่ได้คัดลอก NREL แต่ยืมโครงเชิงวิธีการที่ได้รับการยอมรับ แล้วแทนอินพุตทุกชั้นด้วยข้อมูลไทยที่ตรวจสอบได้ จุดแข็งคือความโปร่งใส จุดที่ต้องพัฒนาต่อคือเพิ่มข้อมูลสถานีจริงเพื่อยืนยันความแม่นยำระดับสถานี
